entry_id,contract_id,qty,unit_price_raw,amount_raw,amount,unit_price,line_total,entity_id,vendor_name,_unmatched
70001,10070,11566,7330.8202,84788266,84788266.0,7330.8202,84788266.0,7,WOOSUNG PLUMBING,False
70002,10227,42529,7640.3700,324937296,324937296.0,7640.37,324937296.0,11,kl industrial,False
70003,10175,8355,6301.7864,"  52,651,425  ",52651425.0,6301.7864,52651425.0,10,대한 종합건설(주),False
70004,10145,52139,1265.4798,"₩65,980,851",65980851.0,1265.4798,65980851.0,14,㈜서해기 술,False
70005,10014,59867,6211.1890,371845252,371845252.0,6211.189,371845252.0,2,Seohae Tech Industrial,False
70006,10153,35136,1729.6668,"60,773,573.00",60773573.0,1729.6668,60773573.0,5,삼호전기 주식회사,False
70007,10118,8964,2190.2542,"19,633,439",19633439.0,2190.2542,19633439.0,4,㈜서해기술산업,False
70008,10186,41533,2301.9181,"95,605,564",95605564.0,2301.9181,95605564.0,4,㈜서해기술산업,False
70009,10004,25745,5716.7755,"KRW 147,178,385",147178385.0,5716.7755,147178385.0,9,(주)한성이엔지,False
70010,10145,43432,7279.5320,"KRW 316,164,634",316164634.0,7279.532,316164634.0,14,㈜서해기 술,False
70011,10394,7597,5198.7443,39494860,39494860.0,5198.7443,39494860.0,8,(주)동보엔 지니어링,False
70012,10053,25163,7065.2822,177783696,177783696.0,7065.2822,177783696.0,7,WOOSUNG PLUMBING,False
70013,10166,46292,5382.2878,"₩249,156,867",249156867.0,5382.2878,249156867.0,1,(주)정우철강,False
70014,10224,43968,2840.1109,"KRW 124,873,996",124873996.0,2840.1109,124873996.0,8,(주)동보엔 지니어링,False
70015,10231,17400,5884.2231,"₩102,385,482",102385482.0,5884.2231,102385482.0,15,남광토건 주식회사,False
70016,10099,32369,277.4701,"(8,981,430.00)",-8981430.0,277.4701,8981430.0,2,Seohae Tech Industrial,False
70017,10338,24680,6109.6889,"150,787,122",150787122.0,6109.6889,150787122.0,3,(주)대한건설,False
70018,10372,19402,7599.0164,"  147,436,116  ",147436116.0,7599.0164,147436116.0,3,(주)대한건설,False
70019,10180,25236,3727.7564,94073661,94073661.0,3727.7564,94073661.0,15,남광토건 주식회사,False
70020,10073,40467,8274.6098,"334,848,635",334848635.0,8274.6098,334848635.0,10,대한 종합건설(주),False
70021,10084,5974,2875.7503,17179732,17179732.0,2875.7503,17179732.0,4,㈜서해기술산업,False
70022,10016,45073,379.9859,"17,127,104",17127104.0,379.9859,17127104.0,4,㈜서해기술산업,False
70023,10034,55203,2769.5431,152887088,152887088.0,2769.5431,152887088.0,5,삼호전기 주식회사,False
70024,10160,35440,4296.1320,"₩152,254,918",152254918.0,4296.132,152254918.0,12,대한건설산업(주),False
70025,10352,4621,5535.4283,"₩25,579,214",25579214.0,5535.4283,25579214.0,17,Namkwang Construction,False
70026,10320,37635,618.0293,"  23,259,533  ",23259533.0,618.0293,23259533.0,2,Seohae Tech Industrial,False
70027,10351,6943,4422.0226,"  30,702,103  ",30702103.0,4422.0226,30702103.0,16,Daehan Industrial,False
70028,10070,9401,2301.1329,"21,632,950",21632950.0,2301.1329,21632950.0,7,WOOSUNG PLUMBING,False
70029,10349,20386,2536.0505,"₩51,699,925",51699925.0,2536.0505,51699925.0,14,㈜서해기 술,False
70030,10042,17537,5698.9115,99941811,99941811.0,5698.9115,99941811.0,13,Hansung ENG,False
70031,10225,52698,3092.2216,"162,953,894.00",162953894.0,3092.2216,162953894.0,9,(주)한성이엔지,False
70032,10062,44237,8329.1329,"(368,455,852)",-368455852.0,8329.1329,368455852.0,16,Daehan Industrial,False
70033,10071,58958,7976.3122,"  470,267,415  ",470267415.0,7976.3122,470267415.0,8,(주)동보엔 지니어링,False
70034,10113,1699,8763.1285,"  14,888,555  ",14888555.0,8763.1285,14888555.0,16,Daehan Industrial,False
70035,10335,7006,2384.8433,"₩16,708,212",16708212.0,2384.8433,16708212.0,17,Namkwang Construction,False
70036,10065,15610,7872.8157,"122,894,653.00",122894653.0,7872.8157,122894653.0,2,Seohae Tech Industrial,False
70037,10007,48359,3196.4116,154575269,154575269.0,3196.4116,154575269.0,12,대한건설산업(주),False
70038,10362,38224,4414.9929,168758689,168758689.0,4414.9929,168758689.0,10,대한 종합건설(주),False
70039,10266,6414,1600.3904,"(10,264,904)",-10264904.0,1600.3904,10264904.0,16,Daehan Industrial,False
70040,10045,21024,5412.0606,"₩113,783,162",113783162.0,5412.0606,113783162.0,16,Daehan Industrial,False
70041,10223,40010,8276.5354,"  331,144,181  ",331144181.0,8276.5354,331144181.0,7,WOOSUNG PLUMBING,False
70042,10310,26616,437.1454,"11,635,062",11635062.0,437.1454,11635062.0,9,(주)한성이엔지,False
70043,10370,5876,5024.3033,"  29,522,806  ",29522806.0,5024.3033,29522806.0,1,(주)정우철강,False
70044,10228,41852,1983.1699,"82,999,627.00",82999627.0,1983.1699,82999627.0,12,대한건설산업(주),False
70045,10149,33319,6231.3066,207620905,207620905.0,6231.3066,207620905.0,1,(주)정우철강,False
70046,10396,45725,813.9960,(37219967),-37219967.0,813.996,37219967.0,10,대한 종합건설(주),False
70047,10249,42831,5330.6050,"₩228,315,143",228315143.0,5330.605,228315143.0,16,Daehan Industrial,False
70048,10172,2551,5714.3241,14577241,14577241.0,5714.3241,14577241.0,7,WOOSUNG PLUMBING,False
70049,10296,50644,7272.3034,"368,298,533",368298533.0,7272.3034,368298533.0,12,대한건설산업(주),False
70050,10030,11791,448.4543,"5,287,725",5287725.0,448.4543,5287725.0,1,(주)정우철강,False
70051,10318,25929,8056.1955,"208,889,093",208889093.0,8056.1955,208889093.0,17,Namkwang Construction,False
70052,10039,14819,4344.1766,64376353,64376353.0,4344.1766,64376353.0,10,대한 종합건설(주),False
70053,10266,35225,5609.4817,197593993,197593993.0,5609.4817,197593993.0,16,Daehan Industrial,False
70055,10022,22856,1569.8854,"35,881,301",35881301.0,1569.8854,35881301.0,10,대한 종합건설(주),False
70056,10304,50809,4468.6345,"227,046,850.00",227046850.0,4468.6345,227046850.0,3,(주)대한건설,False
70057,10202,6141,2492.8611,"₩15,308,660",15308660.0,2492.8611,15308660.0,3,(주)대한건설,False
70058,10028,12084,4259.3283,"51,469,723",51469723.0,4259.3283,51469723.0,16,Daehan Industrial,False
70059,10082,48720,2446.7213,"KRW 119,204,262",119204262.0,2446.7213,119204262.0,2,Seohae Tech Industrial,False
70060,10163,44445,6510.5840,"₩289,362,906",289362906.0,6510.584,289362906.0,15,남광토건 주식회사,False
70061,10323,17315,3424.2358,"  59,290,643  ",59290643.0,3424.2358,59290643.0,5,삼호전기 주식회사,False
70062,10112,44367,2049.1254,"90,913,547.00",90913547.0,2049.1254,90913547.0,15,남광토건 주식회사,False
70063,10139,55053,8835.5419,"(486,423,088)",-486423088.0,8835.5419,486423088.0,8,(주)동보엔 지니어링,False
70064,10272,9188,6131.8463,"(56,339,404)",-56339404.0,6131.8463,56339404.0,5,삼호전기 주식회사,False
70065,10209,36218,8380.2578,(303516177),-303516177.0,8380.2578,303516177.0,10,대한 종합건설(주),False
70066,10037,48343,4782.6800,"KRW 231,209,099",231209099.0,4782.68,231209099.0,8,(주)동보엔 지니어링,False
70067,10227,52836,1515.9042,80094314,80094314.0,1515.9042,80094314.0,11,kl industrial,False
70068,10085,50244,511.2281,"KRW 25,686,145",25686145.0,511.2281,25686145.0,5,삼호전기 주식회사,False
70069,10053,28319,3754.6239,"106,327,194.00",106327194.0,3754.6239,106327194.0,7,WOOSUNG PLUMBING,False
70070,10336,3542,8642.9195,"  30,613,221  ",30613221.0,8642.9195,30613221.0,1,(주)정우철강,False
70071,10283,12037,5969.4821,"71,854,656.00",71854656.0,5969.4821,71854656.0,16,Daehan Industrial,False
70072,10052,7464,177.3656,"KRW 1,323,857",1323857.0,177.3656,1323857.0,6,우성설비,False
70073,10126,13874,1327.0919,"18,412,073.00",18412073.0,1327.0919,18412073.0,12,대한건설산업(주),False
70074,10279,34639,5984.0740,"207,282,339",207282339.0,5984.074,207282339.0,12,대한건설산업(주),False
70075,10332,37690,2563.7198,"₩96,626,599",96626599.0,2563.7198,96626599.0,14,㈜서해기 술,False
70076,10271,44725,5521.0387,246928456,246928456.0,5521.0387,246928456.0,4,㈜서해기술산업,False
70077,10205,58093,7815.3404,"KRW 454,016,570",454016570.0,7815.3404,454016570.0,6,우성설비,False
70078,10358,50752,8923.8051,"₩452,900,956",452900956.0,8923.8051,452900956.0,6,우성설비,False
70079,10205,15709,6317.9810,99249164,99249164.0,6317.981,99249164.0,6,우성설비,False
70081,10269,29010,1549.6122,44954250,44954250.0,1549.6122,44954250.0,2,Seohae Tech Industrial,False
70082,10345,17320,6831.3254,"₩118,318,556",118318556.0,6831.3254,118318556.0,10,대한 종합건설(주),False
70083,10187,45131,667.7628,"KRW 30,136,803",30136803.0,667.7628,30136803.0,5,삼호전기 주식회사,False
70084,10390,59590,2756.5642,"KRW 164,263,661",164263661.0,2756.5642,164263661.0,4,㈜서해기술산업,False
70085,10031,12254,2218.4982,"₩27,185,477",27185477.0,2218.4982,27185477.0,2,Seohae Tech Industrial,False
70086,10070,37565,6806.5404,255687690,255687690.0,6806.5404,255687690.0,7,WOOSUNG PLUMBING,False
70087,10102,11365,2411.5618,"  27,407,400  ",27407400.0,2411.5618,27407400.0,5,삼호전기 주식회사,False
70088,10384,20503,599.2039,12285478,12285478.0,599.2039,12285478.0,15,남광토건 주식회사,False
70089,10204,20998,8704.5144,"₩182,777,393",182777393.0,8704.5144,182777393.0,5,삼호전기 주식회사,False
70090,10390,37354,5766.6401,215407074,215407074.0,5766.6401,215407074.0,4,㈜서해기술산업,False
70091,10017,14459,7490.8151,"108,309,696.00",108309696.0,7490.8151,108309696.0,5,삼호전기 주식회사,False
70093,10204,40346,2845.7501,"114,814,634",114814634.0,2845.7501,114814634.0,5,삼호전기 주식회사,False
70094,10309,37977,7165.3430,"₩272,118,231",272118231.0,7165.343,272118231.0,8,(주)동보엔 지니어링,False
70095,10059,47634,7269.5109,"346,275,882.00",346275882.0,7269.5109,346275882.0,13,Hansung ENG,False
70096,10050,25442,6588.7752,"167,631,619.00",167631619.0,6588.7752,167631619.0,4,㈜서해기술산업,False
70097,10059,30662,5134.4910,"157,433,763",157433763.0,5134.491,157433763.0,13,Hansung ENG,False
70098,10069,11535,2988.6906,"34,474,546.00",34474546.0,2988.6906,34474546.0,6,우성설비,False
70099,10052,47534,6789.4725,322730786,322730786.0,6789.4725,322730786.0,6,우성설비,False
70100,10276,38240,8740.1505,"334,223,355.00",334223355.0,8740.1505,334223355.0,9,(주)한성이엔지,False
70102,10062,24140,8254.4865,"KRW 199,263,304",199263304.0,8254.4865,199263304.0,16,Daehan Industrial,False
70103,10185,4781,484.4987,"  2,316,388  ",2316388.0,484.4987,2316388.0,3,(주)대한건설,False
70104,10156,51503,7226.0154,372161471,372161471.0,7226.0154,372161471.0,8,(주)동보엔 지니어링,False
70105,10228,35045,338.6105,"11,866,605.00",11866605.0,338.6105,11866605.0,12,대한건설산업(주),False
70106,10175,36463,3847.2878,"₩140,283,655",140283655.0,3847.2878,140283655.0,10,대한 종합건설(주),False
70107,10248,55817,4741.4494,"₩264,653,481",264653481.0,4741.4494,264653481.0,15,남광토건 주식회사,False
70108,10284,3964,2952.3639,"KRW 11,703,170",11703170.0,2952.3639,11703170.0,17,Namkwang Construction,False
70109,10331,51639,6525.6764,"  336,979,404  ",336979404.0,6525.6764,336979404.0,13,Hansung ENG,False
70110,10235,42258,4578.8728,"193,494,007.00",193494007.0,4578.8728,193494007.0,2,Seohae Tech Industrial,False
70111,10266,55858,4754.0613,265552356,265552356.0,4754.0613,265552356.0,16,Daehan Industrial,False
70112,10190,16421,5037.7649,"  82,725,137  ",82725137.0,5037.7649,82725137.0,8,(주)동보엔 지니어링,False
70113,10153,18715,8844.1259,"KRW 165,517,816",165517816.0,8844.1259,165517816.0,5,삼호전기 주식회사,False
70114,10216,50023,1966.9976,"(98,395,121)",-98395121.0,1966.9976,98395121.0,17,Namkwang Construction,False
70115,10185,25674,2667.0524,"  68,473,903  ",68473903.0,2667.0524,68473903.0,3,(주)대한건설,False
70116,10378,26497,6560.7516,"₩173,840,235",173840235.0,6560.7516,173840235.0,9,(주)한성이엔지,False
70117,10164,39797,5292.6613,"KRW 210,632,042",210632042.0,5292.6613,210632042.0,16,Daehan Industrial,False
70118,10347,57479,4352.0727,"₩250,152,787",250152787.0,4352.0727,250152787.0,12,대한건설산업(주),False
70119,10063,33451,5710.6948,"KRW 191,028,452",191028452.0,5710.6948,191028452.0,17,Namkwang Construction,False
70120,10212,36523,357.0562,"13,040,764.00",13040764.0,357.0562,13040764.0,13,Hansung ENG,False
70121,10256,31143,2025.6982,"63,086,319.00",63086319.0,2025.6982,63086319.0,6,우성설비,False
70122,10193,45378,180.9429,"KRW 8,210,827",8210827.0,180.9429,8210827.0,11,kl industrial,False
70123,10147,50571,3761.7068,"190,233,275.00",190233275.0,3761.7068,190233275.0,16,Daehan Industrial,False
70124,10008,28081,512.1398,"KRW 14,381,398",14381398.0,512.1398,14381398.0,13,Hansung ENG,False
70125,10370,16429,8774.7268,"₩144,159,987",144159987.0,8774.7268,144159987.0,1,(주)정우철강,False
70126,10358,25387,4150.6680,"105,373,009",105373009.0,4150.668,105373009.0,6,우성설비,False
70127,10341,13315,6149.7615,"81,884,074.00",81884074.0,6149.7615,81884074.0,6,우성설비,False
70128,10167,46109,8400.2238,387325919,387325919.0,8400.2238,387325919.0,2,Seohae Tech Industrial,False
70130,10088,58698,509.1864,"₩29,888,223",29888223.0,509.1864,29888223.0,8,(주)동보엔 지니어링,False
70131,10089,58466,8328.9275,"486,959,075.00",486959075.0,8328.9275,486959075.0,9,(주)한성이엔지,False
70132,10164,49660,4956.0208,"KRW 246,115,993",246115993.0,4956.0208,246115993.0,16,Daehan Industrial,False
70133,10261,37380,5391.3555,"201,528,869",201528869.0,5391.3555,201528869.0,11,kl industrial,False
70134,10284,26459,6398.8594,"  169,307,421  ",169307421.0,6398.8594,169307421.0,17,Namkwang Construction,False
70135,10180,40312,1439.8141,"58,041,786.00",58041786.0,1439.8141,58041786.0,15,남광토건 주식회사,False
70136,10125,44877,6210.9892,(278730562),-278730562.0,6210.9892,278730562.0,11,kl industrial,False
70137,10285,22314,880.4565,"KRW 19,646,506",19646506.0,880.4565,19646506.0,1,(주)정우철강,False
70138,10310,16710,6837.7484,"114,258,776",114258776.0,6837.7484,114258776.0,9,(주)한성이엔지,False
70139,10207,47863,8716.6595,"417,205,474.00",417205474.0,8716.6595,417205474.0,8,(주)동보엔 지니어링,False
70140,10310,24726,6326.5957,"  156,431,405  ",156431405.0,6326.5957,156431405.0,9,(주)한성이엔지,False
70141,10388,19670,7450.5549,"146,552,415",146552415.0,7450.5549,146552415.0,2,Seohae Tech Industrial,False
70142,10008,47708,2917.1824,"139,172,938",139172938.0,2917.1824,139172938.0,13,Hansung ENG,False
70143,10010,18566,6684.3708,"124,102,028.00",124102028.0,6684.3708,124102028.0,15,남광토건 주식회사,False
70144,10154,56820,8239.3609,"468,160,486.00",468160486.0,8239.3609,468160486.0,6,우성설비,False
70145,10203,33285,3451.7070,"114,890,067.00",114890067.0,3451.707,114890067.0,4,㈜서해기술산업,False
70146,10146,39816,3176.5531,126477638,126477638.0,3176.5531,126477638.0,15,남광토건 주식회사,False
70147,10284,53067,8720.6125,462776744,462776744.0,8720.6125,462776744.0,17,Namkwang Construction,False
70148,10365,47494,416.8611,"19,798,401.00",19798401.0,416.8611,19798401.0,13,Hansung ENG,False
70149,10256,53103,4296.6449,(228164734),-228164734.0,4296.6449,228164734.0,6,우성설비,False
70150,10048,43145,1147.2612,"  49,498,584  ",49498584.0,1147.2612,49498584.0,2,Seohae Tech Industrial,False
70151,10339,52728,7193.0666,379276016,379276016.0,7193.0666,379276016.0,4,㈜서해기술산업,False
70152,10361,58559,7049.7377,"KRW 412,825,590",412825590.0,7049.7377,412825590.0,9,(주)한성이엔지,False
70153,10029,39019,2463.3192,(96116252),-96116252.0,2463.3192,96116252.0,17,Namkwang Construction,False
70154,10358,50904,8601.2510,437838081,437838081.0,8601.251,437838081.0,6,우성설비,False
70155,10142,15797,1433.1179,"KRW 22,638,963",22638963.0,1433.1179,22638963.0,11,kl industrial,False
70156,10246,38727,8010.5909,"(310,226,154.00)",-310226154.0,8010.5909,310226154.0,13,Hansung ENG,False
70157,10121,941,3887.1417,"KRW 3,657,800",3657800.0,3887.1417,3657800.0,7,WOOSUNG PLUMBING,False
70158,10026,35482,1147.7649,"40,724,994",40724994.0,1147.7649,40724994.0,14,㈜서해기 술,False
70159,10302,59380,2625.0291,"  155,874,228  ",155874228.0,2625.0291,155874228.0,1,(주)정우철강,False
70160,10179,26648,5107.9937,"KRW 136,117,816",136117816.0,5107.9937,136117816.0,14,㈜서해기 술,False
70161,10128,34139,4064.3556,138753036,138753036.0,4064.3556,138753036.0,14,㈜서해기 술,False
70162,10135,34991,6213.8924,"₩217,430,309",217430309.0,6213.8924,217430309.0,4,㈜서해기술산업,False
70163,10330,10219,7977.6311,"81,523,412",81523412.0,7977.6311,81523412.0,12,대한건설산업(주),False
70164,10373,56993,2955.3409,168433744,168433744.0,2955.3409,168433744.0,4,㈜서해기술산업,False
70165,10002,13813,6696.6660,"  92,501,047  ",92501047.0,6696.666,92501047.0,7,WOOSUNG PLUMBING,False
70167,10328,27422,4396.8826,"  120,571,315  ",120571315.0,4396.8826,120571315.0,10,대한 종합건설(주),False
70168,10360,58408,3911.6397,228471052,228471052.0,3911.6397,228471052.0,8,(주)동보엔 지니어링,False
70169,10267,53379,6175.5826,"  329,646,424  ",329646424.0,6175.5826,329646424.0,17,Namkwang Construction,False
70170,10301,38269,2583.1505,"  98,854,586  ",98854586.0,2583.1505,98854586.0,17,Namkwang Construction,False
70171,10397,29594,3938.1721,"KRW 116,546,265",116546265.0,3938.1721,116546265.0,11,kl industrial,False
70172,10317,5951,7659.2544,"45,580,223",45580223.0,7659.2544,45580223.0,16,Daehan Industrial,False
70173,10386,15398,5005.7759,"₩77,078,937",77078937.0,5005.7759,77078937.0,17,Namkwang Construction,False
70174,10206,56379,6673.1307,"376,224,436.00",376224436.0,6673.1307,376224436.0,7,WOOSUNG PLUMBING,False
70175,10165,34603,1252.5122,43340680,43340680.0,1252.5122,43340680.0,17,Namkwang Construction,False
70176,10120,20693,1803.4943,"  37,319,708  ",37319708.0,1803.4943,37319708.0,6,우성설비,False
70177,10234,6707,7218.1917,48412412,48412412.0,7218.1917,48412412.0,1,(주)정우철강,False
70178,10273,40821,7674.2285,313269682,313269682.0,7674.2285,313269682.0,6,우성설비,False
70180,10005,4304,3304.2534,14221507,14221507.0,3304.2534,14221507.0,10,대한 종합건설(주),False
70181,10046,24500,8406.6862,"  205,963,812  ",205963812.0,8406.6862,205963812.0,17,Namkwang Construction,False
70182,10100,39360,7118.4194,"₩280,180,988",280180988.0,7118.4194,280180988.0,3,(주)대한건설,False
70183,10198,42447,2452.8566,104116404,104116404.0,2452.8566,104116404.0,16,Daehan Industrial,False
70184,10172,35614,2384.3238,(84915308),-84915308.0,2384.3238,84915308.0,7,WOOSUNG PLUMBING,False
70185,10201,15928,8366.4357,133260588,133260588.0,8366.4357,133260588.0,2,Seohae Tech Industrial,False
70186,10028,51628,6123.3187,"₩316,134,698",316134698.0,6123.3187,316134698.0,16,Daehan Industrial,False
70187,10025,12751,4522.8559,"57,670,936.00",57670936.0,4522.8559,57670936.0,13,Hansung ENG,False
70189,10234,5145,6456.8975,"KRW 33,220,738",33220738.0,6456.8975,33220738.0,1,(주)정우철강,False
70190,10045,30231,3027.3984,"91,521,281.00",91521281.0,3027.3984,91521281.0,16,Daehan Industrial,False
70191,10340,59805,662.0913,"₩39,596,370",39596370.0,662.0913,39596370.0,5,삼호전기 주식회사,False
70192,10285,9284,2442.3623,(22674892),-22674892.0,2442.3623,22674892.0,1,(주)정우철강,False
70193,10390,49742,2991.7923,"148,817,733.00",148817733.0,2991.7923,148817733.0,4,㈜서해기술산업,False
70194,10269,39264,1907.2211,"₩74,885,129",74885129.0,1907.2211,74885129.0,2,Seohae Tech Industrial,False
70195,10360,12238,3107.8350,"  38,033,685  ",38033685.0,3107.835,38033685.0,8,(주)동보엔 지니어링,False
70196,10275,29857,8505.5319,"(253,949,666)",-253949666.0,8505.5319,253949666.0,8,(주)동보엔 지니어링,False
70197,10090,24776,5650.7174,"(₩140,002,174)",-140002174.0,5650.7174,140002174.0,10,대한 종합건설(주),False
70198,10073,13586,8069.2045,"109,628,212",109628212.0,8069.2045,109628212.0,10,대한 종합건설(주),False
70199,10281,17170,1080.0283,"18,544,086.00",18544086.0,1080.0283,18544086.0,14,㈜서해기 술,False
70200,10105,31938,6498.0701,"KRW 207,535,363",207535363.0,6498.0701,207535363.0,8,(주)동보엔 지니어링,False
70201,10261,28232,1030.5381,29094152,29094152.0,1030.5381,29094152.0,11,kl industrial,False
70202,10360,20338,5423.9005,"110,311,288",110311288.0,5423.9005,110311288.0,8,(주)동보엔 지니어링,False
70203,10193,4202,5727.7762,"KRW 24,068,116",24068116.0,5727.7762,24068116.0,11,kl industrial,False
70204,10339,42094,824.6718,"(34,713,735)",-34713735.0,824.6718,34713735.0,4,㈜서해기술산업,False
70205,10281,21024,8425.3218,"177,133,966",177133966.0,8425.3218,177133966.0,14,㈜서해기 술,False
70206,10033,15965,3789.8549,"60,505,033.00",60505033.0,3789.8549,60505033.0,4,㈜서해기술산업,False
70207,10145,27578,7876.8885,"(KRW 217,228,831)",-217228831.0,7876.8885,217228831.0,14,㈜서해기 술,False
70209,10022,51338,8524.9947,"437,656,178",437656178.0,8524.9947,437656178.0,10,대한 종합건설(주),False
70210,10396,4030,7580.1973,"₩30,548,195",30548195.0,7580.1973,30548195.0,10,대한 종합건설(주),False
70211,10020,16649,5589.3292,"₩93,056,742",93056742.0,5589.3292,93056742.0,8,(주)동보엔 지니어링,False
70212,10150,7616,6882.4408,"52,416,669.00",52416669.0,6882.4408,52416669.0,2,Seohae Tech Industrial,False
70213,10345,43014,2996.9654,128911470,128911470.0,2996.9654,128911470.0,10,대한 종합건설(주),False
70214,10016,27856,8725.3061,"243,052,127",243052127.0,8725.3061,243052127.0,4,㈜서해기술산업,False
70215,10091,2091,4568.3633,"₩9,552,448",9552448.0,4568.3633,9552448.0,11,kl industrial,False
70216,10364,31525,7199.3829,226960546,226960546.0,7199.3829,226960546.0,12,대한건설산업(주),False
70217,10034,23019,6955.0497,"₩160,098,289",160098289.0,6955.0497,160098289.0,5,삼호전기 주식회사,False
70218,10384,22215,3242.8797,72040573,72040573.0,3242.8797,72040573.0,15,남광토건 주식회사,False
70219,10121,20602,304.6780,"KRW 6,276,976",6276976.0,304.678,6276976.0,7,WOOSUNG PLUMBING,False
70220,10160,57165,1301.0173,"74,372,654.00",74372654.0,1301.0173,74372654.0,12,대한건설산업(주),False
70221,10048,51793,3268.0033,"169,259,695",169259695.0,3268.0033,169259695.0,2,Seohae Tech Industrial,False
70222,10267,29299,2695.5864,78977986,78977986.0,2695.5864,78977986.0,17,Namkwang Construction,False
70223,10306,57827,5929.0939,"  342,861,713  ",342861713.0,5929.0939,342861713.0,5,삼호전기 주식회사,False
70224,10293,55452,7364.0494,"408,351,267",408351267.0,7364.0494,408351267.0,9,(주)한성이엔지,False
70225,10347,7431,6879.9215,"KRW 51,124,697",51124697.0,6879.9215,51124697.0,12,대한건설산업(주),False
70226,10166,13686,7402.4125,(101309417),-101309417.0,7402.4125,101309417.0,1,(주)정우철강,False
70227,10077,54847,5170.5012,283586479,283586479.0,5170.5012,283586479.0,14,㈜서해기 술,False
70229,10231,1096,5889.3298,"6,454,705",6454705.0,5889.3298,6454705.0,15,남광토건 주식회사,False
70230,10206,26849,1075.1586,28866933,28866933.0,1075.1586,28866933.0,7,WOOSUNG PLUMBING,False
70231,10162,44782,7591.0131,"339,940,749.00",339940749.0,7591.0131,339940749.0,14,㈜서해기 술,False
70232,10309,40090,3668.6290,"  147,075,337  ",147075337.0,3668.629,147075337.0,8,(주)동보엔 지니어링,False
70233,10300,43944,4958.1084,"217,879,116.00",217879116.0,4958.1084,217879116.0,16,Daehan Industrial,False
70234,10012,40944,2726.7458,"₩111,643,880",111643880.0,2726.7458,111643880.0,17,Namkwang Construction,False
70235,10080,27601,2285.6966,(63087512),-63087512.0,2285.6966,63087512.0,17,Namkwang Construction,False
70236,10347,4627,207.5286,960235,960235.0,207.5286,960235.0,12,대한건설산업(주),False
70237,10025,21449,5223.6720,"112,042,541.00",112042541.0,5223.672,112042541.0,13,Hansung ENG,False
70238,10331,14990,4608.7724,69085498,69085498.0,4608.7724,69085498.0,13,Hansung ENG,False
70239,10249,33678,6069.6343,"(204,413,144.00)",-204413144.0,6069.6343,204413144.0,16,Daehan Industrial,False
70240,10259,27197,1431.1749,"38,923,664.00",38923664.0,1431.1749,38923664.0,9,(주)한성이엔지,False
70241,10296,20206,1663.8748,"33,620,254",33620254.0,1663.8748,33620254.0,12,대한건설산업(주),False
70242,10037,25371,3882.5397,"98,503,915.00",98503915.0,3882.5397,98503915.0,8,(주)동보엔 지니어링,False
70243,10393,34401,6306.5032,"216,950,017.00",216950017.0,6306.5032,216950017.0,7,WOOSUNG PLUMBING,False
70244,10348,28490,4572.7726,"130,278,291",130278291.0,4572.7726,130278291.0,13,Hansung ENG,False
70245,10099,23538,8262.1238,"(194,473,870)",-194473870.0,8262.1238,194473870.0,2,Seohae Tech Industrial,False
70246,10234,1158,1224.2127,"1,417,638.00",1417638.0,1224.2127,1417638.0,1,(주)정우철강,False
70247,10360,44826,5122.4341,"229,618,231.00",229618231.0,5122.4341,229618231.0,8,(주)동보엔 지니어링,False
70248,10346,11132,8122.5850,"90,420,616.00",90420616.0,8122.585,90420616.0,11,kl industrial,False
70249,10125,44745,5071.2072,226911166,226911166.0,5071.2072,226911166.0,11,kl industrial,False
70250,10259,43619,3216.8549,"140,315,994.00",140315994.0,3216.8549,140315994.0,9,(주)한성이엔지,False
70251,10258,29019,7302.4828,"KRW 211,910,748",211910748.0,7302.4828,211910748.0,8,(주)동보엔 지니어링,False
70252,10340,58056,4633.9964,"269,031,295.00",269031295.0,4633.9964,269031295.0,5,삼호전기 주식회사,False
70253,10296,47917,6172.5402,"295,769,609",295769609.0,6172.5402,295769609.0,12,대한건설산업(주),False
70254,10384,15266,825.4301,"₩12,601,016",12601016.0,825.4301,12601016.0,15,남광토건 주식회사,False
70256,10397,13451,4894.7118,65838768,65838768.0,4894.7118,65838768.0,11,kl industrial,False
70257,10075,24225,8813.9482,"213,517,895",213517895.0,8813.9482,213517895.0,12,대한건설산업(주),False
70258,10079,54576,193.7904,"₩10,576,305",10576305.0,193.7904,10576305.0,16,Daehan Industrial,False
70259,10105,3945,4844.8925,"19,113,101",19113101.0,4844.8925,19113101.0,8,(주)동보엔 지니어링,False
70260,10201,24729,3677.5321,"  90,941,691  ",90941691.0,3677.5321,90941691.0,2,Seohae Tech Industrial,False
70261,10344,5672,7061.5318,"40,053,008.00",40053008.0,7061.5318,40053008.0,9,(주)한성이엔지,False
70262,10257,18426,5142.3570,"KRW 94,753,070",94753070.0,5142.357,94753070.0,7,WOOSUNG PLUMBING,False
70263,10241,12681,6392.4130,"81,062,189.00",81062189.0,6392.413,81062189.0,8,(주)동보엔 지니어링,False
70264,10278,33435,4752.3900,"  158,896,160  ",158896160.0,4752.39,158896160.0,11,kl industrial,False
70265,10109,18369,5245.1524,"  96,348,204  ",96348204.0,5245.1524,96348204.0,12,대한건설산업(주),False
70266,10229,59097,5896.3446,"348,456,277.00",348456277.0,5896.3446,348456277.0,13,Hansung ENG,False
70267,10012,21236,142.8621,"₩3,033,820",3033820.0,142.8621,3033820.0,17,Namkwang Construction,False
70268,10392,8602,8544.7556,"  73,501,988  ",73501988.0,8544.7556,73501988.0,6,우성설비,False
70269,10278,45935,2271.2325,"KRW 104,329,065",104329065.0,2271.2325,104329065.0,11,kl industrial,False
70270,10158,33184,7359.9967,244234130,244234130.0,7359.9967,244234130.0,10,대한 종합건설(주),False
70271,10024,57314,1579.2640,"90,513,937.00",90513937.0,1579.264,90513937.0,12,대한건설산업(주),False
70272,10139,26985,7876.6068,"(212,550,234)",-212550234.0,7876.6068,212550234.0,8,(주)동보엔 지니어링,False
70273,10036,7947,3907.1145,"KRW 31,049,839",31049839.0,3907.1145,31049839.0,7,WOOSUNG PLUMBING,False
70274,10043,39463,4760.9670,"KRW 187,882,041",187882041.0,4760.967,187882041.0,14,㈜서해기 술,False
70275,10327,31435,223.7371,(7033176),-7033176.0,223.7371,7033176.0,9,(주)한성이엔지,False
70276,10341,23092,2018.6866,"₩46,615,511",46615511.0,2018.6866,46615511.0,6,우성설비,False
70277,10144,44485,7359.9991,"KRW 327,409,560",327409560.0,7359.9991,327409560.0,13,Hansung ENG,False
70278,10140,26611,8274.4184,"220,190,548",220190548.0,8274.4184,220190548.0,9,(주)한성이엔지,False
70279,10285,58095,6272.4905,"364,400,336",364400336.0,6272.4905,364400336.0,1,(주)정우철강,False
70280,10247,48633,4298.7321,"KRW 209,060,238",209060238.0,4298.7321,209060238.0,14,㈜서해기 술,False
70281,10253,26128,6421.8806,"  167,790,896  ",167790896.0,6421.8806,167790896.0,3,(주)대한건설,False
70282,10241,4913,7805.1127,"(38,346,519.00)",-38346519.0,7805.1127,38346519.0,8,(주)동보엔 지니어링,False
70283,10162,35123,7497.8674,263347597,263347597.0,7497.8674,263347597.0,14,㈜서해기 술,False
70284,10181,15040,4130.5832,"  62,123,971  ",62123971.0,4130.5832,62123971.0,16,Daehan Industrial,False
70285,10091,22633,4045.1353,"₩91,553,547",91553547.0,4045.1353,91553547.0,11,kl industrial,False
70286,10095,47398,4488.9204,"KRW 212,765,849",212765849.0,4488.9204,212765849.0,15,남광토건 주식회사,False
70287,10238,7254,3271.4747,"23,731,277.00",23731277.0,3271.4747,23731277.0,5,삼호전기 주식회사,False
70288,10283,56553,7926.4056,"448,262,016",448262016.0,7926.4056,448262016.0,16,Daehan Industrial,False
70289,10124,20747,3922.8295,"₩81,386,944",81386944.0,3922.8295,81386944.0,10,대한 종합건설(주),False
70290,10023,9575,2792.8457,"₩26,741,498",26741498.0,2792.8457,26741498.0,11,kl industrial,False
70291,10104,13728,5401.5934,"  74,153,074  ",74153074.0,5401.5934,74153074.0,7,WOOSUNG PLUMBING,False
70292,10361,19736,7241.0639,"  142,909,637  ",142909637.0,7241.0639,142909637.0,9,(주)한성이엔지,False
70293,10133,15431,6310.6452,"₩97,379,566",97379566.0,6310.6452,97379566.0,2,Seohae Tech Industrial,False
70294,10178,25936,1868.7743,48468530,48468530.0,1868.7743,48468530.0,13,Hansung ENG,False
70295,10058,27202,6884.9848,"KRW 187,285,357",187285357.0,6884.9848,187285357.0,12,대한건설산업(주),False
70296,10327,8474,3592.6568,"30,444,174.00",30444174.0,3592.6568,30444174.0,9,(주)한성이엔지,False
70298,10337,37964,1408.1283,"KRW 53,458,183",53458183.0,1408.1283,53458183.0,2,Seohae Tech Industrial,False
70299,10026,34517,4517.3182,"  155,924,272  ",155924272.0,4517.3182,155924272.0,14,㈜서해기 술,False
70300,10036,4433,4465.7325,"19,796,592.00",19796592.0,4465.7325,19796592.0,7,WOOSUNG PLUMBING,False
70301,10184,18386,724.8002,13326176,13326176.0,724.8002,13326176.0,2,Seohae Tech Industrial,False
70302,10048,39922,4584.7080,"KRW 183,030,713",183030713.0,4584.708,183030713.0,2,Seohae Tech Industrial,False
70303,10114,2226,3840.2682,"₩8,548,437",8548437.0,3840.2682,8548437.0,17,Namkwang Construction,False
70304,10352,28802,945.3786,27228794,27228794.0,945.3786,27228794.0,17,Namkwang Construction,False
70305,10246,32719,2098.8418,"(68,672,005.00)",-68672005.0,2098.8418,68672005.0,13,Hansung ENG,False
70306,10346,42452,1870.5804,"79,409,879.00",79409879.0,1870.5804,79409879.0,11,kl industrial,False
70307,10072,3435,8014.4906,"KRW 27,529,775",27529775.0,8014.4906,27529775.0,9,(주)한성이엔지,False
70308,10072,2785,2835.9322,7898071,7898071.0,2835.9322,7898071.0,9,(주)한성이엔지,False
70309,10266,58672,3567.6594,"  209,321,712  ",209321712.0,3567.6594,209321712.0,16,Daehan Industrial,False
70310,10315,58012,1775.6931,"KRW 103,011,508",103011508.0,1775.6931,103011508.0,14,㈜서해기 술,False
70311,10054,717,8373.4557,"₩6,003,768",6003768.0,8373.4557,6003768.0,8,(주)동보엔 지니어링,False
70312,10134,34070,2957.8157,"  100,772,781  ",100772781.0,2957.8157,100772781.0,3,(주)대한건설,False
70313,10338,24090,8821.0269,"212,498,538.00",212498538.0,8821.0269,212498538.0,3,(주)대한건설,False
70314,10357,11102,5075.0158,"₩56,342,825",56342825.0,5075.0158,56342825.0,5,삼호전기 주식회사,False
70315,10391,24087,3759.9296,"90,565,424.00",90565424.0,3759.9296,90565424.0,5,삼호전기 주식회사,False
70316,10371,51304,7707.9089,"KRW 395,446,558",395446558.0,7707.9089,395446558.0,2,Seohae Tech Industrial,False
70317,10157,50193,2864.6561,"143,785,684.00",143785684.0,2864.6561,143785684.0,9,(주)한성이엔지,False
70318,10120,2039,4722.5066,"9,629,191.00",9629191.0,4722.5066,9629191.0,6,우성설비,False
70319,10250,29099,957.9904,"27,876,563.00",27876563.0,957.9904,27876563.0,17,Namkwang Construction,False
70320,10070,44222,4795.6632,"KRW 212,073,818",212073818.0,4795.6632,212073818.0,7,WOOSUNG PLUMBING,False
70321,10136,7363,2456.3584,"KRW 18,086,167",18086167.0,2456.3584,18086167.0,5,삼호전기 주식회사,False
70322,10009,37379,7776.0381,"(KRW 290,660,528)",-290660528.0,7776.0381,290660528.0,14,㈜서해기 술,False
70323,10273,15460,6149.4702,"95,070,809",95070809.0,6149.4702,95070809.0,6,우성설비,False
70324,10252,37396,7662.5982,286550522,286550522.0,7662.5982,286550522.0,2,Seohae Tech Industrial,False
70325,10260,23200,7084.7232,"164,365,578",164365578.0,7084.7232,164365578.0,10,대한 종합건설(주),False
70326,10066,7180,6169.6538,"44,298,114",44298114.0,6169.6538,44298114.0,3,(주)대한건설,False
70327,10179,37424,4420.7319,"165,441,471",165441471.0,4420.7319,165441471.0,14,㈜서해기 술,False
70328,10233,39239,8114.1877,318392611,318392611.0,8114.1877,318392611.0,17,Namkwang Construction,False
70329,10015,59606,7187.3493,"428,409,142.00",428409142.0,7187.3493,428409142.0,3,(주)대한건설,False
70330,10233,52356,1735.1882,90847513,90847513.0,1735.1882,90847513.0,17,Namkwang Construction,False
70332,10008,7463,7024.1247,"KRW 52,421,043",52421043.0,7024.1247,52421043.0,13,Hansung ENG,False
70333,10324,40647,8872.1707,"360,627,122",360627122.0,8872.1707,360627122.0,6,우성설비,False
70335,10246,39369,1415.3458,"55,720,749.00",55720749.0,1415.3458,55720749.0,13,Hansung ENG,False
70337,10118,27415,3466.2647,"95,027,647.00",95027647.0,3466.2647,95027647.0,4,㈜서해기술산업,False
70338,10075,9330,2965.8845,"27,671,702.00",27671702.0,2965.8845,27671702.0,12,대한건설산업(주),False
70339,10201,49983,4078.0421,"203,832,778",203832778.0,4078.0421,203832778.0,2,Seohae Tech Industrial,False
70340,10138,59351,5676.9992,336935580,336935580.0,5676.9992,336935580.0,7,WOOSUNG PLUMBING,False
70341,10207,47263,8443.1894,"  399,050,461  ",399050461.0,8443.1894,399050461.0,8,(주)동보엔 지니어링,False
70342,10110,34151,7968.5730,(272134737),-272134737.0,7968.573,272134737.0,13,Hansung ENG,False
70343,10276,28380,4340.8827,"  123,194,251  ",123194251.0,4340.8827,123194251.0,9,(주)한성이엔지,False
70344,10167,32921,7888.9983,259713713,259713713.0,7888.9983,259713713.0,2,Seohae Tech Industrial,False
70345,10101,13125,6775.8495,88933025,88933025.0,6775.8495,88933025.0,4,㈜서해기술산업,False
70346,10283,18689,5256.7843,"KRW 98,244,042",98244042.0,5256.7843,98244042.0,16,Daehan Industrial,False
70347,10212,36755,1629.8179,"59,903,957",59903957.0,1629.8179,59903957.0,13,Hansung ENG,False
70348,10310,16970,153.5887,"2,606,400.00",2606400.0,153.5887,2606400.0,9,(주)한성이엔지,False
70349,10184,28361,4880.8272,"138,425,140.00",138425140.0,4880.8272,138425140.0,2,Seohae Tech Industrial,False
70350,10378,51836,8993.6660,"466,195,671.00",466195671.0,8993.666,466195671.0,9,(주)한성이엔지,False
70351,10112,14432,8298.4295,"119,762,935",119762935.0,8298.4295,119762935.0,15,남광토건 주식회사,False
70352,10086,37312,7537.9102,"₩281,254,505",281254505.0,7537.9102,281254505.0,6,우성설비,False
70353,10209,54287,5880.4919,"319,234,264",319234264.0,5880.4919,319234264.0,10,대한 종합건설(주),False
70354,10147,59199,740.9677,"43,864,547.00",43864547.0,740.9677,43864547.0,16,Daehan Industrial,False
70355,10270,28107,4261.5122,"119,778,323",119778323.0,4261.5122,119778323.0,3,(주)대한건설,False
70356,10350,11788,531.8783,"6,269,781",6269781.0,531.8783,6269781.0,15,남광토건 주식회사,False
70357,10176,15919,5814.3918,"₩92,559,303",92559303.0,5814.3918,92559303.0,11,kl industrial,False
70358,10104,38357,7896.6015,302889944,302889944.0,7896.6015,302889944.0,7,WOOSUNG PLUMBING,False
70359,10159,36224,2774.9105,"KRW 100,518,358",100518358.0,2774.9105,100518358.0,11,kl industrial,False
70360,10037,5122,1683.6553,"8,623,682",8623682.0,1683.6553,8623682.0,8,(주)동보엔 지니어링,False
70361,10174,3924,3937.9167,"15,452,385.00",15452385.0,3937.9167,15452385.0,9,(주)한성이엔지,False
70362,10170,38008,5770.3564,"  219,319,706  ",219319706.0,5770.3564,219319706.0,5,삼호전기 주식회사,False
70363,10025,57774,3512.0259,"  202,903,784  ",202903784.0,3512.0259,202903784.0,13,Hansung ENG,False
70364,10362,3381,7627.8048,25789608,25789608.0,7627.8048,25789608.0,10,대한 종합건설(주),False
70365,10047,33514,8746.5745,"(293,132,698)",-293132698.0,8746.5745,293132698.0,1,(주)정우철강,False
70366,10258,45141,2766.5168,"₩124,883,335",124883335.0,2766.5168,124883335.0,8,(주)동보엔 지니어링,False
70367,10211,50226,8942.1335,"449,127,597",449127597.0,8942.1335,449127597.0,12,대한건설산업(주),False
70368,10070,17632,8176.6526,"  144,170,739  ",144170739.0,8176.6526,144170739.0,7,WOOSUNG PLUMBING,False
70369,10057,53387,6618.4390,"353,338,603",353338603.0,6618.439,353338603.0,11,kl industrial,False
70370,10099,14733,8010.5043,"118,018,760",118018760.0,8010.5043,118018760.0,2,Seohae Tech Industrial,False
70371,10331,28377,4924.4354,"KRW 139,740,703",139740703.0,4924.4354,139740703.0,13,Hansung ENG,False
70372,10396,36447,1418.7274,"  51,708,358  ",51708358.0,1418.7274,51708358.0,10,대한 종합건설(주),False
70373,10009,39258,5797.3333,"  227,591,711  ",227591711.0,5797.3333,227591711.0,14,㈜서해기 술,False
70374,10270,52099,2032.5220,"  105,892,364  ",105892364.0,2032.522,105892364.0,3,(주)대한건설,False
70375,10247,4972,6537.5724,"(KRW 32,504,810)",-32504810.0,6537.5724,32504810.0,14,㈜서해기 술,False
70376,10143,10937,5847.9606,"63,959,145",63959145.0,5847.9606,63959145.0,12,대한건설산업(주),False
70377,10091,52192,796.7275,"41,582,802.00",41582802.0,796.7275,41582802.0,11,kl industrial,False
70378,10091,59817,1476.4627,"₩88,317,569",88317569.0,1476.4627,88317569.0,11,kl industrial,False
70379,10003,50037,5985.3565,"299,489,283",299489283.0,5985.3565,299489283.0,8,(주)동보엔 지니어링,False
70380,10126,17542,365.2701,"(6,407,568)",-6407568.0,365.2701,6407568.0,12,대한건설산업(주),False
70381,10110,11467,1863.2948,"KRW 21,366,401",21366401.0,1863.2948,21366401.0,13,Hansung ENG,False
70382,10179,10128,5758.4190,"KRW 58,321,268",58321268.0,5758.419,58321268.0,14,㈜서해기 술,False
70383,10126,30721,7834.9621,"  240,697,871  ",240697871.0,7834.9621,240697871.0,12,대한건설산업(주),False
70384,10179,47721,2540.9347,"121,255,945",121255945.0,2540.9347,121255945.0,14,㈜서해기 술,False
70385,10079,4993,866.7329,"KRW 4,327,597",4327597.0,866.7329,4327597.0,16,Daehan Industrial,False
70386,10163,5041,6406.4309,"₩32,294,818",32294818.0,6406.4309,32294818.0,15,남광토건 주식회사,False
70387,10386,27036,2042.8471,"55,230,414",55230414.0,2042.8471,55230414.0,17,Namkwang Construction,False
70388,10152,37139,1860.9999,"  69,115,675  ",69115675.0,1860.9999,69115675.0,4,㈜서해기술산업,False
70389,10363,59440,8215.4338,"₩488,325,385",488325385.0,8215.4338,488325385.0,11,kl industrial,False
70390,10298,12873,5343.5875,"68,788,002.00",68788002.0,5343.5875,68788002.0,14,㈜서해기 술,False
70392,10142,28722,6428.5532,184640905,184640905.0,6428.5532,184640905.0,11,kl industrial,False
70393,10040,47287,749.1543,"(35,425,259)",-35425259.0,749.1543,35425259.0,11,kl industrial,False
70394,10223,509,8660.1788,"₩4,408,031",4408031.0,8660.1788,4408031.0,7,WOOSUNG PLUMBING,False
70395,10239,27011,2437.3112,65834213,65834213.0,2437.3112,65834213.0,6,우성설비,False
70396,10055,31275,1074.2144,"33,596,055",33596055.0,1074.2144,33596055.0,9,(주)한성이엔지,False
70397,10052,23620,5605.4674,132401140,132401140.0,5605.4674,132401140.0,6,우성설비,False
70398,10218,31021,6369.8527,"  197,599,201  ",197599201.0,6369.8527,197599201.0,2,Seohae Tech Industrial,False
70399,10334,37828,2797.1533,"KRW 105,810,715",105810715.0,2797.1533,105810715.0,16,Daehan Industrial,False
70400,10153,46198,4616.4960,"213,272,882.00",213272882.0,4616.496,213272882.0,5,삼호전기 주식회사,False
70401,10226,50400,4037.0497,"₩203,467,305",203467305.0,4037.0497,203467305.0,10,대한 종합건설(주),False
70402,10228,10121,7492.4544,75831131,75831131.0,7492.4544,75831131.0,12,대한건설산업(주),False
70403,10203,12971,924.7713,"11,995,209",11995209.0,924.7713,11995209.0,4,㈜서해기술산업,False
70404,10004,20029,2306.3194,"  46,193,271  ",46193271.0,2306.3194,46193271.0,9,(주)한성이엔지,False
70405,10102,41864,7203.2934,"301,558,675",301558675.0,7203.2934,301558675.0,5,삼호전기 주식회사,False
70406,10357,26597,3402.1106,"₩90,485,936",90485936.0,3402.1106,90485936.0,5,삼호전기 주식회사,False
70407,10122,14004,7033.7642,"98,500,834",98500834.0,7033.7642,98500834.0,8,(주)동보엔 지니어링,False
70408,10082,6516,1233.8189,8039564,8039564.0,1233.8189,8039564.0,2,Seohae Tech Industrial,False
70409,10172,16070,887.1633,"14,256,714",14256714.0,887.1633,14256714.0,7,WOOSUNG PLUMBING,False
70410,10353,632,6858.5086,"₩4,334,577",4334577.0,6858.5086,4334577.0,1,(주)정우철강,False
70411,10375,18330,4693.4012,"86,030,044.00",86030044.0,4693.4012,86030044.0,6,우성설비,False
70412,10025,20367,7662.0971,"156,053,932.00",156053932.0,7662.0971,156053932.0,13,Hansung ENG,False
70413,10145,44408,5713.2714,"  253,714,956  ",253714956.0,5713.2714,253714956.0,14,㈜서해기 술,False
70414,10357,52550,8221.4816,"  432,038,858  ",432038858.0,8221.4816,432038858.0,5,삼호전기 주식회사,False
70415,10031,23619,1505.5878,"35,560,478",35560478.0,1505.5878,35560478.0,2,Seohae Tech Industrial,False
70416,10359,2848,6108.6650,"₩17,397,478",17397478.0,6108.665,17397478.0,7,WOOSUNG PLUMBING,False
70417,10332,20917,4652.3011,"KRW 97,312,182",97312182.0,4652.3011,97312182.0,14,㈜서해기 술,False
70418,10023,14354,8769.2312,"125,873,545.00",125873545.0,8769.2312,125873545.0,11,kl industrial,False
70419,10184,6015,2765.6691,"KRW 16,635,500",16635500.0,2765.6691,16635500.0,2,Seohae Tech Industrial,False
70420,10138,18254,1006.3464,"18,369,847",18369847.0,1006.3464,18369847.0,7,WOOSUNG PLUMBING,False
70421,10256,19690,7140.6178,"140,598,764.00",140598764.0,7140.6178,140598764.0,6,우성설비,False
70422,10182,10466,892.2411,"9,338,195.00",9338195.0,892.2411,9338195.0,17,Namkwang Construction,False
70423,10160,3853,1593.1671,"₩6,138,473",6138473.0,1593.1671,6138473.0,12,대한건설산업(주),False
70424,10331,14743,4391.2849,"KRW 64,740,713",64740713.0,4391.2849,64740713.0,13,Hansung ENG,False
70425,10135,34068,6885.1256,"  234,562,459  ",234562459.0,6885.1256,234562459.0,4,㈜서해기술산업,False
70426,10198,23878,7174.6590,"171,316,508",171316508.0,7174.659,171316508.0,16,Daehan Industrial,False
70427,10226,17232,7528.6823,(129734253),-129734253.0,7528.6823,129734253.0,10,대한 종합건설(주),False
70428,10084,26370,8502.5949,"224,213,428.00",224213428.0,8502.5949,224213428.0,4,㈜서해기술산업,False
70429,10041,8684,8584.3325,"₩74,546,343",74546343.0,8584.3325,74546343.0,12,대한건설산업(주),False
70430,10396,37420,7012.5503,"KRW 262,409,632",262409632.0,7012.5503,262409632.0,10,대한 종합건설(주),False
70431,10338,10334,7396.7595,"₩76,438,113",76438113.0,7396.7595,76438113.0,3,(주)대한건설,False
70432,10161,24891,3279.7303,"₩81,635,767",81635767.0,3279.7303,81635767.0,13,Hansung ENG,False
70433,10357,32906,2633.5033,(86658060),-86658060.0,2633.5033,86658060.0,5,삼호전기 주식회사,False
70434,10080,6204,5625.1784,"  34,898,607  ",34898607.0,5625.1784,34898607.0,17,Namkwang Construction,False
70435,10089,11680,3932.9231,"45,936,542",45936542.0,3932.9231,45936542.0,9,(주)한성이엔지,False
70436,10074,34337,7134.6766,"  244,983,390  ",244983390.0,7134.6766,244983390.0,11,kl industrial,False
70437,10216,4287,7881.7809,"33,789,195",33789195.0,7881.7809,33789195.0,17,Namkwang Construction,False
70438,10030,33859,5050.4281,"171,002,445",171002445.0,5050.4281,171002445.0,1,(주)정우철강,False
70439,10400,53411,7639.2791,"KRW 408,021,536",408021536.0,7639.2791,408021536.0,14,㈜서해기 술,False
70440,10305,48410,4808.6988,"232,789,109.00",232789109.0,4808.6988,232789109.0,4,㈜서해기술산업,False
70441,10138,51623,3228.2462,166651754,166651754.0,3228.2462,166651754.0,7,WOOSUNG PLUMBING,False
70442,10064,56249,2946.2907,"165,725,906.00",165725906.0,2946.2907,165725906.0,1,(주)정우철강,False
70443,10063,34296,7823.0574,268299577,268299577.0,7823.0574,268299577.0,17,Namkwang Construction,False
70444,10136,12875,4687.1963,60347652,60347652.0,4687.1963,60347652.0,5,삼호전기 주식회사,False
70446,10077,7240,7334.6786,"(KRW 53,103,073)",-53103073.0,7334.6786,53103073.0,14,㈜서해기 술,False
70447,10163,25395,3976.0763,"KRW 100,972,458",100972458.0,3976.0763,100972458.0,15,남광토건 주식회사,False
70448,10195,45681,4410.7660,"  201,488,202  ",201488202.0,4410.766,201488202.0,13,Hansung ENG,False
70449,10043,37164,4343.8575,161435120,161435120.0,4343.8575,161435120.0,14,㈜서해기 술,False
70451,10016,32002,1891.5017,"  60,531,837  ",60531837.0,1891.5017,60531837.0,4,㈜서해기술산업,False
70452,10033,19808,2675.5129,"₩52,996,560",52996560.0,2675.5129,52996560.0,4,㈜서해기술산업,False
70453,10242,32665,6839.6129,223415955,223415955.0,6839.6129,223415955.0,9,(주)한성이엔지,False
70454,10207,48028,7290.0244,"KRW 350,125,292",350125292.0,7290.0244,350125292.0,8,(주)동보엔 지니어링,False
70455,10318,16749,781.4863,"13,089,114.00",13089114.0,781.4863,13089114.0,17,Namkwang Construction,False
70456,10244,46679,5538.8062,"  258,545,935  ",258545935.0,5538.8062,258545935.0,11,kl industrial,False
70457,10218,22167,387.6084,"  8,592,115  ",8592115.0,387.6084,8592115.0,2,Seohae Tech Industrial,False
70458,10207,8554,7512.7468,"64,264,036.00",64264036.0,7512.7468,64264036.0,8,(주)동보엔 지니어링,False
70459,10010,40732,8074.3838,"328,885,801.00",328885801.0,8074.3838,328885801.0,15,남광토건 주식회사,False
70460,10243,23210,4545.9800,105512196,105512196.0,4545.98,105512196.0,10,대한 종합건설(주),False
70461,10351,20552,2145.1787,"(44,087,713)",-44087713.0,2145.1787,44087713.0,16,Daehan Industrial,False
70462,10223,46341,5127.1850,"₩237,598,880",237598880.0,5127.185,237598880.0,7,WOOSUNG PLUMBING,False
70463,10029,46119,5895.3436,"271,887,351.00",271887351.0,5895.3436,271887351.0,17,Namkwang Construction,False
70464,10304,28383,4641.6237,131743205,131743205.0,4641.6237,131743205.0,3,(주)대한건설,False
70465,10162,30132,232.8298,"₩7,015,628",7015628.0,232.8298,7015628.0,14,㈜서해기 술,False
70466,10072,38871,2825.9752,109848482,109848482.0,2825.9752,109848482.0,9,(주)한성이엔지,False
70467,10150,18972,4943.8556,"93,794,828",93794828.0,4943.8556,93794828.0,2,Seohae Tech Industrial,False
70468,10129,17292,8580.2356,"KRW 148,369,434",148369434.0,8580.2356,148369434.0,15,남광토건 주식회사,False
70469,10081,30211,6778.2606,"₩204,778,031",204778031.0,6778.2606,204778031.0,1,(주)정우철강,False
70470,10053,44555,346.2632,"KRW 15,427,757",15427757.0,346.2632,15427757.0,7,WOOSUNG PLUMBING,False
70471,10210,4884,5908.3218,28856244,28856244.0,5908.3218,28856244.0,11,kl industrial,False
70472,10212,11999,8714.9100,"104,570,205",104570205.0,8714.91,104570205.0,13,Hansung ENG,False
70474,10210,10164,6090.5879,"₩61,904,735",61904735.0,6090.5879,61904735.0,11,kl industrial,False
70475,10220,5946,903.6614,"KRW 5,373,171",5373171.0,903.6614,5373171.0,4,㈜서해기술산업,False
70476,10248,2880,2467.2358,"7,105,639.00",7105639.0,2467.2358,7105639.0,15,남광토건 주식회사,False
70477,10386,49550,3475.6100,"₩172,216,476",172216476.0,3475.61,172216476.0,17,Namkwang Construction,False
70478,10356,8782,3997.2705,"KRW 35,104,030",35104030.0,3997.2705,35104030.0,4,㈜서해기술산업,False
70479,10014,50529,8689.1165,439052368,439052368.0,8689.1165,439052368.0,2,Seohae Tech Industrial,False
70480,10133,3038,3264.8452,"  9,918,600  ",9918600.0,3264.8452,9918600.0,2,Seohae Tech Industrial,False
70481,10046,46788,6358.0163,"KRW 297,478,867",297478867.0,6358.0163,297478867.0,17,Namkwang Construction,False
70482,10284,12880,5397.4496,"69,519,151.00",69519151.0,5397.4496,69519151.0,17,Namkwang Construction,False
70483,10398,31501,351.5023,"KRW 11,072,674",11072674.0,351.5023,11072674.0,12,대한건설산업(주),False
70484,10113,31311,3503.6469,"109,702,688.00",109702688.0,3503.6469,109702688.0,16,Daehan Industrial,False
70485,10111,11517,7676.3104,88408067,88408067.0,7676.3104,88408067.0,14,㈜서해기 술,False
70486,10126,28197,7847.9764,"KRW 221,289,391",221289391.0,7847.9764,221289391.0,12,대한건설산업(주),False
70487,10146,59709,6253.3984,373384165,373384165.0,6253.3984,373384165.0,15,남광토건 주식회사,False
70488,10238,45655,4302.4414,"  196,427,962  ",196427962.0,4302.4414,196427962.0,5,삼호전기 주식회사,False
70489,10006,4294,1433.6231,6155978,6155978.0,1433.6231,6155978.0,11,kl industrial,False
70490,10304,49458,284.7731,14084308,14084308.0,284.7731,14084308.0,3,(주)대한건설,False
70491,10094,43681,3934.2760,171853110,171853110.0,3934.276,171853110.0,14,㈜서해기 술,False
70492,10230,15657,2441.1942,38221778,38221778.0,2441.1942,38221778.0,14,㈜서해기 술,False
70493,10008,40304,7191.8029,"289,858,424.00",289858424.0,7191.8029,289858424.0,13,Hansung ENG,False
70494,10339,41049,1285.9992,"₩52,788,981",52788981.0,1285.9992,52788981.0,4,㈜서해기술산업,False
70495,10228,41786,8352.0050,"₩348,996,881",348996881.0,8352.005,348996881.0,12,대한건설산업(주),False
70496,10372,2398,6139.6104,"KRW 14,722,786",14722786.0,6139.6104,14722786.0,3,(주)대한건설,False
70497,10347,46120,3944.5359,"  181,921,996  ",181921996.0,3944.5359,181921996.0,12,대한건설산업(주),False
70498,10227,32333,711.4979,23004862,23004862.0,711.4979,23004862.0,11,kl industrial,False
70499,10284,51991,7854.8329,"KRW 408,380,617",408380617.0,7854.8329,408380617.0,17,Namkwang Construction,False
70500,10280,28261,2571.4382,"72,671,415",72671415.0,2571.4382,72671415.0,13,Hansung ENG,False
70501,10340,47099,7854.7262,"(₩369,949,749)",-369949749.0,7854.7262,369949749.0,5,삼호전기 주식회사,False
70502,10239,3703,3006.2814,11132260,11132260.0,3006.2814,11132260.0,6,우성설비,False
70503,10261,46298,8798.0210,407330776,407330776.0,8798.021,407330776.0,11,kl industrial,False
70504,10226,59267,1297.1480,"(76,878,071)",-76878071.0,1297.148,76878071.0,10,대한 종합건설(주),False
70505,10138,11854,6428.1789,"76,199,633.00",76199633.0,6428.1789,76199633.0,7,WOOSUNG PLUMBING,False
70506,10109,4209,4327.5710,"(18,214,746.00)",-18214746.0,4327.571,18214746.0,12,대한건설산업(주),False
70507,10214,56942,7165.9172,"408,041,657.00",408041657.0,7165.9172,408041657.0,15,남광토건 주식회사,False
70508,10311,53012,3098.2506,"(164,244,461.00)",-164244461.0,3098.2506,164244461.0,10,대한 종합건설(주),False
70509,10319,24254,477.8754,"11,590,390.00",11590390.0,477.8754,11590390.0,1,(주)정우철강,False
70510,10129,7609,7000.9726,"53,270,401",53270401.0,7000.9726,53270401.0,15,남광토건 주식회사,False
70511,10028,59537,5885.0119,"350,375,953",350375953.0,5885.0119,350375953.0,16,Daehan Industrial,False
70512,10370,39406,2134.2513,"  84,102,307  ",84102307.0,2134.2513,84102307.0,1,(주)정우철강,False
70515,10088,11682,1062.6944,"  12,414,396  ",12414396.0,1062.6944,12414396.0,8,(주)동보엔 지니어링,False
70516,10181,38239,765.7594,29281874,29281874.0,765.7594,29281874.0,16,Daehan Industrial,False
70517,10185,28615,7822.1838,"₩223,831,789",223831789.0,7822.1838,223831789.0,3,(주)대한건설,False
70518,10161,37456,960.0471,"  35,959,524  ",35959524.0,960.0471,35959524.0,13,Hansung ENG,False
70519,10045,24418,1643.5270,"₩40,131,642",40131642.0,1643.527,40131642.0,16,Daehan Industrial,False
70520,10271,18576,7098.2306,"(131,856,732)",-131856732.0,7098.2306,131856732.0,4,㈜서해기술산업,False
70521,10292,19884,2899.1578,"₩57,646,854",57646854.0,2899.1578,57646854.0,8,(주)동보엔 지니어링,False
70522,10275,49628,1399.3435,"  69,446,619  ",69446619.0,1399.3435,69446619.0,8,(주)동보엔 지니어링,False
70523,10356,59263,4886.6857,"  289,599,655  ",289599655.0,4886.6857,289599655.0,4,㈜서해기술산업,False
70524,10236,129,3002.4192,387312,387312.0,3002.4192,387312.0,3,(주)대한건설,False
70525,10239,22194,8997.4652,"199,689,743.00",199689743.0,8997.4652,199689743.0,6,우성설비,False
70526,10280,49413,4465.3158,"220,644,650.00",220644650.0,4465.3158,220644650.0,13,Hansung ENG,False
70527,10022,6062,5812.2371,"35,233,781",35233781.0,5812.2371,35233781.0,10,대한 종합건설(주),False
70528,10384,15997,6726.2603,"₩107,599,986",107599986.0,6726.2603,107599986.0,15,남광토건 주식회사,False
70529,10065,40379,8894.6545,"  359,157,254  ",359157254.0,8894.6545,359157254.0,2,Seohae Tech Industrial,False
70530,10041,34918,1754.7618,"61,272,773.00",61272773.0,1754.7618,61272773.0,12,대한건설산업(주),False
70531,10384,43012,7829.7008,"336,771,091",336771091.0,7829.7008,336771091.0,15,남광토건 주식회사,False
70532,10039,21648,7556.3379,"163,579,603",163579603.0,7556.3379,163579603.0,10,대한 종합건설(주),False
70533,10368,38159,6171.1971,"KRW 235,486,710",235486710.0,6171.1971,235486710.0,16,Daehan Industrial,False
70534,10225,16630,5914.2853,"KRW 98,354,565",98354565.0,5914.2853,98354565.0,9,(주)한성이엔지,False
70535,10237,6891,1237.4084,"8,526,981",8526981.0,1237.4084,8526981.0,4,㈜서해기술산업,False
70536,10249,50254,2142.9452,"₩107,691,568",107691568.0,2142.9452,107691568.0,16,Daehan Industrial,False
70537,10050,24355,3151.4296,"KRW 76,753,068",76753068.0,3151.4296,76753068.0,4,㈜서해기술산업,False
70538,10011,25898,8424.1690,"  218,169,129  ",218169129.0,8424.169,218169129.0,16,Daehan Industrial,False
70539,10034,5011,4455.2116,"  22,325,065  ",22325065.0,4455.2116,22325065.0,5,삼호전기 주식회사,False
70540,10193,19016,4992.5872,"₩94,939,038",94939038.0,4992.5872,94939038.0,11,kl industrial,False
70541,10135,33753,6191.7174,"  208,989,037  ",208989037.0,6191.7174,208989037.0,4,㈜서해기술산업,False
70542,10239,51659,5278.4486,272679376,272679376.0,5278.4486,272679376.0,6,우성설비,False
70543,10222,52593,3308.8215,"174,020,849.00",174020849.0,3308.8215,174020849.0,6,우성설비,False
70544,10281,4766,198.5735,"(946,401)",-946401.0,198.5735,946401.0,14,㈜서해기 술,False
70545,10144,56252,762.1961,"42,875,055",42875055.0,762.1961,42875055.0,13,Hansung ENG,False
70546,10103,5285,1981.3427,"(10,471,396.00)",-10471396.0,1981.3427,10471396.0,6,우성설비,False
70547,10160,48287,8733.2879,"KRW 421,704,273",421704273.0,8733.2879,421704273.0,12,대한건설산업(주),False
70548,10159,19742,3202.8017,"63,229,711.00",63229711.0,3202.8017,63229711.0,11,kl industrial,False
70549,10044,46153,5125.0599,236536890,236536890.0,5125.0599,236536890.0,15,남광토건 주식회사,False
70550,10334,3033,3657.2257,"KRW 11,092,366",11092366.0,3657.2257,11092366.0,16,Daehan Industrial,False
70551,10071,11856,1671.6779,19819413,19819413.0,1671.6779,19819413.0,8,(주)동보엔 지니어링,False
70552,10001,27668,6870.4353,"190,091,204",190091204.0,6870.4353,190091204.0,6,우성설비,False
70553,10190,51153,452.6678,"23,155,316.00",23155316.0,452.6678,23155316.0,8,(주)동보엔 지니어링,False
70554,10292,36678,8915.3810,326998344,326998344.0,8915.381,326998344.0,8,(주)동보엔 지니어링,False
70555,10213,27755,1164.3739,"₩32,317,198",32317198.0,1164.3739,32317198.0,14,㈜서해기 술,False
70556,10156,24027,1376.5566,33074525,33074525.0,1376.5566,33074525.0,8,(주)동보엔 지니어링,False
70557,10190,24107,3387.1429,"(81,653,854.00)",-81653854.0,3387.1429,81653854.0,8,(주)동보엔 지니어링,False
70558,10374,22981,5883.3891,135206165,135206165.0,5883.3891,135206165.0,5,삼호전기 주식회사,False
70559,10257,51398,2284.9304,"117,440,853",117440853.0,2284.9304,117440853.0,7,WOOSUNG PLUMBING,False
70560,10339,39711,454.8766,"  18,063,605  ",18063605.0,454.8766,18063605.0,4,㈜서해기술산업,False
70561,10240,14652,6810.5806,"99,788,627.00",99788627.0,6810.5806,99788627.0,7,WOOSUNG PLUMBING,False
70562,10107,17162,8318.2165,"(₩142,757,232)",-142757232.0,8318.2165,142757232.0,10,대한 종합건설(주),False
70564,10044,10244,2216.6176,"  22,707,031  ",22707031.0,2216.6176,22707031.0,15,남광토건 주식회사,False
70566,10125,41151,5527.1541,"227,447,918.00",227447918.0,5527.1541,227447918.0,11,kl industrial,False
70567,10007,34327,5161.5482,"KRW 177,180,465",177180465.0,5161.5482,177180465.0,12,대한건설산업(주),False
70568,10342,6894,5127.7619,35350791,35350791.0,5127.7619,35350791.0,7,WOOSUNG PLUMBING,False
70569,10222,51201,350.3688,"17,939,233.00",17939233.0,350.3688,17939233.0,6,우성설비,False
70570,10101,3040,5799.3101,"  17,629,903  ",17629903.0,5799.3101,17629903.0,4,㈜서해기술산업,False
70571,10077,38136,1632.6217,"62,261,661",62261661.0,1632.6217,62261661.0,14,㈜서해기 술,False
70572,10310,23156,5414.3243,"KRW 125,374,093",125374093.0,5414.3243,125374093.0,9,(주)한성이엔지,False
70573,10195,43873,2265.7257,"  99,404,184  ",99404184.0,2265.7257,99404184.0,13,Hansung ENG,False
70574,10009,8310,8717.3128,"72,440,869.00",72440869.0,8717.3128,72440869.0,14,㈜서해기 술,False
70575,10360,34561,3361.2892,"₩116,169,516",116169516.0,3361.2892,116169516.0,8,(주)동보엔 지니어링,False
70576,10034,4625,7015.1207,"(32,444,933)",-32444933.0,7015.1207,32444933.0,5,삼호전기 주식회사,False
70577,10092,21575,3974.1164,"  85,741,561  ",85741561.0,3974.1164,85741561.0,12,대한건설산업(주),False
70578,10098,15303,8171.4065,"125,047,034.00",125047034.0,8171.4065,125047034.0,1,(주)정우철강,False
70579,10309,51383,3406.2190,"₩175,021,751",175021751.0,3406.219,175021751.0,8,(주)동보엔 지니어링,False
70580,10210,43497,5745.6942,"KRW 249,920,461",249920461.0,5745.6942,249920461.0,11,kl industrial,False
70581,10147,38474,5468.3879,"KRW 210,390,756",210390756.0,5468.3879,210390756.0,16,Daehan Industrial,False
70582,10077,25045,457.6397,"11,461,586.00",11461586.0,457.6397,11461586.0,14,㈜서해기 술,False
70583,10238,478,8702.0734,4159591,4159591.0,8702.0734,4159591.0,5,삼호전기 주식회사,False
70584,10222,10677,3773.6470,"KRW 40,291,229",40291229.0,3773.647,40291229.0,6,우성설비,False
70585,10172,33051,666.9916,"₩22,044,739",22044739.0,666.9916,22044739.0,7,WOOSUNG PLUMBING,False
70586,10326,21172,152.0690,"  3,219,605  ",3219605.0,152.069,3219605.0,8,(주)동보엔 지니어링,False
70587,10269,9481,2695.3292,"25,554,416",25554416.0,2695.3292,25554416.0,2,Seohae Tech Industrial,False
70588,10316,23354,2735.6710,"KRW 63,888,861",63888861.0,2735.671,63888861.0,15,남광토건 주식회사,False
70589,10118,23109,5531.6729,"127,831,429",127831429.0,5531.6729,127831429.0,4,㈜서해기술산업,False
70590,10138,46153,6708.2494,"KRW 309,605,835",309605835.0,6708.2494,309605835.0,7,WOOSUNG PLUMBING,False
70591,10366,41125,7191.8993,295766859,295766859.0,7191.8993,295766859.0,14,㈜서해기 술,False
70592,10113,26455,2917.5743,"77,184,428",77184428.0,2917.5743,77184428.0,16,Daehan Industrial,False
70593,10151,35179,2042.8924,71866912,71866912.0,2042.8924,71866912.0,3,(주)대한건설,False
70594,10215,15183,4238.0472,"KRW 64,346,271",64346271.0,4238.0472,64346271.0,16,Daehan Industrial,False
70595,10057,39998,3002.3231,"  120,086,919  ",120086919.0,3002.3231,120086919.0,11,kl industrial,False
70597,10045,59574,8854.7379,527512156,527512156.0,8854.7379,527512156.0,16,Daehan Industrial,False
70598,10271,43507,2017.0369,"KRW 87,755,224",87755224.0,2017.0369,87755224.0,4,㈜서해기술산업,False
70599,10190,30460,8725.2712,"KRW 265,771,761",265771761.0,8725.2712,265771761.0,8,(주)동보엔 지니어링,False
70600,10162,44648,5001.4940,"  223,306,704  ",223306704.0,5001.494,223306704.0,14,㈜서해기 술,False
